Xhop,Yhop
97,116
97,117
97,119
97,120
98,116
98,117
98,119
98,120
98,122
98,123
99,122
99,123
99,124
100,115
100,116
100,118
100,119
100,120
100,122
100,123
100,124
101,115
101,116
101,118
101,119
101,120
101,121
102,118
102,119
102,123
102,124
102,125
103,116
103,119
103,121
103,122
103,123
103,124
103,125
103,126
104,117
104,118
104,121
104,122
104,123
104,124
104,125
104,126
105,117
105,118
105,121
105,122
105,123
105,124
105,125
105,126
106,117
106,118
106,119
106,121
106,122
106,123
106,124
106,125
107,122
107,123
107,124
107,126
108,127
