Ystar,Xstar
164,8
163,8
162,8
80,8
79,8
78,8
164,9
163,9
162,9
161,9
160,9
80,9
79,9
78,9
77,9
76,9
164,10
163,10
162,10
161,10
160,10
159,10
80,10
79,10
78,10
77,10
76,10
75,10
162,11
161,11
160,11
159,11
158,11
157,11
78,11
77,11
76,11
75,11
74,11
73,11
160,12
159,12
158,12
157,12
156,12
76,12
75,12
74,12
73,12
72,13
162,13
161,13
160,13
159,13
158,13
157,13
78,13
77,13
76,13
75,13
74,13
73,13
164,14
163,14
162,14
161,14
160,14
159,14
80,14
79,14
78,14
77,14
76,14
75,14
164,15
163,15
162,15
161,15
160,15
80,15
79,15
78,15
77,15
76,15
164,16
163,16
162,16
80,16
79,16
78,16
164,17
163,17
162,17
155,17
154,17
153,17
89,17
88,17
87,17
80,17
79,17
78,17
164,18
163,18
162,18
161,18
160,18
155,18
154,18
153,18
152,18
151,18
89,18
88,18
87,18
86,18
85,18
80,18
79,18
78,18
77,18
76,18
164,19
163,19
162,19
161,19
160,19
159,19
155,19
154,19
153,19
152,19
151,19
150,19
89,19
88,19
87,19
86,19
85,19
84,19
80,19
79,19
78,19
77,19
76,19
75,19
162,20
161,20
160,20
159,20
158,20
157,20
153,20
152,20
151,20
150,20
149,20
148,20
87,20
86,20
85,20
84,20
83,20
82,20
78,20
77,20
76,20
75,20
74,20
73,20
160,21
159,21
158,21
157,21
156,21
151,21
150,21
149,21
148,21
147,21
85,21
84,21
83,21
82,21
81,21
76,21
75,21
74,21
73,21
72,22
162,22
161,22
160,22
159,22
158,22
157,22
153,22
152,22
151,22
150,22
149,22
148,22
87,22
86,22
85,22
84,22
83,22
82,22
78,22
77,22
76,22
75,22
74,22
73,22
164,23
163,23
162,23
161,23
160,23
159,23
155,23
154,23
153,23
152,23
151,23
150,23
89,23
88,23
87,23
86,23
85,23
84,23
80,23
79,23
78,23
77,23
76,23
75,23
164,24
163,24
162,24
161,24
160,24
155,24
154,24
153,24
152,24
151,24
89,24
88,24
87,24
86,24
85,24
80,24
79,24
78,24
77,24
76,24
164,25
163,25
162,25
155,25
154,25
153,25
89,25
88,25
87,25
80,25
79,25
78,25
164,26
163,26
162,26
155,26
154,26
153,26
146,26
145,26
144,26
98,26
97,26
96,26
89,26
88,26
87,26
80,26
79,26
78,26
164,27
163,27
162,27
161,27
160,27
155,27
154,27
153,27
152,27
151,27
146,27
145,27
144,27
143,27
142,27
98,27
97,27
96,27
95,27
94,27
89,27
88,27
87,27
86,27
85,27
80,27
79,27
78,27
77,27
76,27
164,28
163,28
162,28
161,28
160,28
159,28
155,28
154,28
153,28
152,28
151,28
150,28
146,28
145,28
144,28
143,28
142,28
141,28
98,28
97,28
96,28
95,28
94,28
93,28
89,28
88,28
87,28
86,28
85,28
84,28
80,28
79,28
78,28
77,28
76,28
75,28
162,29
161,29
160,29
159,29
158,29
157,29
153,29
152,29
151,29
150,29
149,29
148,29
144,29
143,29
142,29
141,29
140,29
139,29
96,29
95,29
94,29
93,29
92,29
91,29
87,29
86,29
85,29
84,29
83,29
82,29
78,29
77,29
76,29
75,29
74,29
73,29
160,30
159,30
158,30
157,30
156,30
151,30
150,30
149,30
148,30
147,30
142,30
141,30
140,30
139,30
138,30
94,30
93,30
92,30
91,30
90,30
85,30
84,30
83,30
82,30
81,30
76,30
75,30
74,30
73,30
72,31
162,31
161,31
160,31
159,31
158,31
157,31
153,31
152,31
151,31
150,31
149,31
148,31
144,31
143,31
142,31
141,31
140,31
139,31
96,31
95,31
94,31
93,31
92,31
91,31
87,31
86,31
85,31
84,31
83,31
82,31
78,31
77,31
76,31
75,31
74,31
73,31
164,32
163,32
162,32
161,32
160,32
159,32
155,32
154,32
153,32
152,32
151,32
150,32
146,32
145,32
144,32
143,32
142,32
141,32
98,32
97,32
96,32
95,32
94,32
93,32
89,32
88,32
87,32
86,32
85,32
84,32
80,32
79,32
78,32
77,32
76,32
75,32
164,33
163,33
162,33
161,33
160,33
155,33
154,33
153,33
152,33
151,33
146,33
145,33
144,33
143,33
142,33
98,33
97,33
96,33
95,33
94,33
89,33
88,33
87,33
86,33
85,33
80,33
79,33
78,33
77,33
76,33
164,34
163,34
162,34
155,34
154,34
153,34
146,34
145,34
144,34
98,34
97,34
96,34
89,34
88,34
87,34
80,34
79,34
78,34
164,35
163,35
162,35
155,35
154,35
153,35
146,35
145,35
144,35
137,35
136,35
135,35
107,35
106,35
105,35
98,35
97,35
96,35
89,35
88,35
87,35
80,35
79,35
78,35
164,36
163,36
162,36
161,36
160,36
155,36
154,36
153,36
152,36
151,36
146,36
145,36
144,36
143,36
142,36
137,36
136,36
135,36
134,36
133,36
107,36
106,36
105,36
104,36
103,36
98,36
97,36
96,36
95,36
94,36
89,36
88,36
87,36
86,36
85,36
80,36
79,36
78,36
77,36
76,36
164,37
163,37
162,37
161,37
160,37
159,37
155,37
154,37
153,37
152,37
151,37
150,37
146,37
145,37
144,37
143,37
142,37
141,37
137,37
136,37
135,37
134,37
133,37
132,37
107,37
106,37
105,37
104,37
103,37
102,37
98,37
97,37
96,37
95,37
94,37
93,37
89,37
88,37
87,37
86,37
85,37
84,37
80,37
79,37
78,37
77,37
76,37
75,37
162,38
161,38
160,38
159,38
158,38
157,38
153,38
152,38
151,38
150,38
149,38
148,38
144,38
143,38
142,38
141,38
140,38
139,38
135,38
134,38
133,38
132,38
131,38
130,38
105,38
104,38
103,38
102,38
101,38
100,38
96,38
95,38
94,38
93,38
92,38
91,38
87,38
86,38
85,38
84,38
83,38
82,38
78,38
77,38
76,38
75,38
74,38
73,38
160,39
159,39
158,39
157,39
156,39
151,39
150,39
149,39
148,39
147,39
142,39
141,39
140,39
139,39
138,39
133,39
132,39
131,39
130,39
129,39
103,39
102,39
101,39
100,39
99,39
94,39
93,39
92,39
91,39
90,39
85,39
84,39
83,39
82,39
81,39
76,39
75,39
74,39
73,39
72,40
162,40
161,40
160,40
159,40
158,40
157,40
153,40
152,40
151,40
150,40
149,40
148,40
144,40
143,40
142,40
141,40
140,40
139,40
135,40
134,40
133,40
132,40
131,40
130,40
105,40
104,40
103,40
102,40
101,40
100,40
96,40
95,40
94,40
93,40
92,40
91,40
87,40
86,40
85,40
84,40
83,40
82,40
78,40
77,40
76,40
75,40
74,40
73,40
164,41
163,41
162,41
161,41
160,41
159,41
155,41
154,41
153,41
152,41
151,41
150,41
146,41
145,41
144,41
143,41
142,41
141,41
137,41
136,41
135,41
134,41
133,41
132,41
107,41
106,41
105,41
104,41
103,41
102,41
98,41
97,41
96,41
95,41
94,41
93,41
89,41
88,41
87,41
86,41
85,41
84,41
80,41
79,41
78,41
77,41
76,41
75,41
164,42
163,42
162,42
161,42
160,42
155,42
154,42
153,42
152,42
151,42
146,42
145,42
144,42
143,42
142,42
137,42
136,42
135,42
134,42
133,42
107,42
106,42
105,42
104,42
103,42
98,42
97,42
96,42
95,42
94,42
89,42
88,42
87,42
86,42
85,42
80,42
79,42
78,42
77,42
76,42
164,43
163,43
162,43
155,43
154,43
153,43
146,43
145,43
144,43
137,43
136,43
135,43
107,43
106,43
105,43
98,43
97,43
96,43
89,43
88,43
87,43
80,43
79,43
78,43
164,44
163,44
162,44
155,44
154,44
153,44
146,44
145,44
144,44
137,44
136,44
135,44
128,44
127,44
126,44
116,44
115,44
114,44
107,44
106,44
105,44
98,44
97,44
96,44
89,44
88,44
87,44
80,44
79,44
78,44
164,45
163,45
162,45
161,45
160,45
155,45
154,45
153,45
152,45
151,45
146,45
145,45
144,45
143,45
142,45
137,45
136,45
135,45
134,45
133,45
128,45
127,45
126,45
125,45
124,45
116,45
115,45
114,45
113,45
112,45
107,45
106,45
105,45
104,45
103,45
98,45
97,45
96,45
95,45
94,45
89,45
88,45
87,45
86,45
85,45
80,45
79,45
78,45
77,45
76,45
164,46
163,46
162,46
161,46
160,46
159,46
155,46
154,46
153,46
152,46
151,46
150,46
146,46
145,46
144,46
143,46
142,46
141,46
137,46
136,46
135,46
134,46
133,46
132,46
128,46
127,46
126,46
125,46
124,46
123,46
116,46
115,46
114,46
113,46
112,46
111,46
107,46
106,46
105,46
104,46
103,46
102,46
98,46
97,46
96,46
95,46
94,46
93,46
89,46
88,46
87,46
86,46
85,46
84,46
80,46
79,46
78,46
77,46
76,46
75,46
162,47
161,47
160,47
159,47
158,47
157,47
153,47
152,47
151,47
150,47
149,47
148,47
144,47
143,47
142,47
141,47
140,47
139,47
135,47
134,47
133,47
132,47
131,47
130,47
126,47
125,47
124,47
123,47
122,47
121,47
114,47
113,47
112,47
111,47
110,47
109,47
105,47
104,47
103,47
102,47
101,47
100,47
96,47
95,47
94,47
93,47
92,47
91,47
87,47
86,47
85,47
84,47
83,47
82,47
78,47
77,47
76,47
75,47
74,47
73,47
160,48
159,48
158,48
157,48
156,48
151,48
150,48
149,48
148,48
147,48
142,48
141,48
140,48
139,48
138,48
133,48
132,48
131,48
130,48
129,48
124,48
123,48
122,48
121,48
120,48
112,48
111,48
110,48
109,48
108,48
103,48
102,48
101,48
100,48
99,48
94,48
93,48
92,48
91,48
90,48
85,48
84,48
83,48
82,48
81,48
76,48
75,48
74,48
73,48
72,49
162,49
161,49
160,49
159,49
158,49
157,49
153,49
152,49
151,49
150,49
149,49
148,49
144,49
143,49
142,49
141,49
140,49
139,49
135,49
134,49
133,49
132,49
131,49
130,49
126,49
125,49
124,49
123,49
122,49
121,49
114,49
113,49
112,49
111,49
110,49
109,49
105,49
104,49
103,49
102,49
101,49
100,49
96,49
95,49
94,49
93,49
92,49
91,49
87,49
86,49
85,49
84,49
83,49
82,49
78,49
77,49
76,49
75,49
74,49
73,49
164,50
163,50
162,50
161,50
160,50
159,50
155,50
154,50
153,50
152,50
151,50
150,50
146,50
145,50
144,50
143,50
142,50
141,50
137,50
136,50
135,50
134,50
133,50
132,50
128,50
127,50
126,50
125,50
124,50
123,50
116,50
115,50
114,50
113,50
112,50
111,50
107,50
106,50
105,50
104,50
103,50
102,50
98,50
97,50
96,50
95,50
94,50
93,50
89,50
88,50
87,50
86,50
85,50
84,50
80,50
79,50
78,50
77,50
76,50
75,50
164,51
163,51
162,51
161,51
160,51
155,51
154,51
153,51
152,51
151,51
146,51
145,51
144,51
143,51
142,51
137,51
136,51
135,51
134,51
133,51
128,51
127,51
126,51
125,51
124,51
116,51
115,51
114,51
113,51
112,51
107,51
106,51
105,51
104,51
103,51
98,51
97,51
96,51
95,51
94,51
89,51
88,51
87,51
86,51
85,51
80,51
79,51
78,51
77,51
76,51
164,52
163,52
162,52
155,52
154,52
153,52
146,52
145,52
144,52
137,52
136,52
135,52
128,52
127,52
126,52
116,52
115,52
114,52
107,52
106,52
105,52
98,52
97,52
96,52
89,52
88,52
87,52
80,52
79,52
78,52
155,53
154,53
153,53
146,53
145,53
144,53
137,53
136,53
135,53
128,53
127,53
126,53
116,53
115,53
114,53
107,53
106,53
105,53
98,53
97,53
96,53
89,53
88,53
87,53
155,54
154,54
153,54
152,54
151,54
146,54
145,54
144,54
143,54
142,54
137,54
136,54
135,54
134,54
133,54
128,54
127,54
126,54
125,54
124,54
116,54
115,54
114,54
113,54
112,54
107,54
106,54
105,54
104,54
103,54
98,54
97,54
96,54
95,54
94,54
89,54
88,54
87,54
86,54
85,54
155,55
154,55
153,55
152,55
151,55
150,55
146,55
145,55
144,55
143,55
142,55
141,55
137,55
136,55
135,55
134,55
133,55
132,55
128,55
127,55
126,55
125,55
124,55
123,55
116,55
115,55
114,55
113,55
112,55
111,55
107,55
106,55
105,55
104,55
103,55
102,55
98,55
97,55
96,55
95,55
94,55
93,55
89,55
88,55
87,55
86,55
85,55
84,55
173,56
172,56
171,56
153,56
152,56
151,56
150,56
149,56
148,56
144,56
143,56
142,56
141,56
140,56
139,56
135,56
134,56
133,56
132,56
131,56
130,56
126,56
125,56
124,56
123,56
122,56
121,56
114,56
113,56
112,56
111,56
110,56
109,56
105,56
104,56
103,56
102,56
101,56
100,56
96,56
95,56
94,56
93,56
92,56
91,56
87,56
86,56
85,56
84,56
83,56
82,56
179,57
178,57
173,57
172,57
171,57
170,57
169,57
151,57
150,57
149,57
148,57
147,57
142,57
141,57
140,57
139,57
138,57
133,57
132,57
131,57
130,57
129,57
124,57
123,57
122,57
121,57
120,57
112,57
111,57
110,57
109,57
108,57
103,57
102,57
101,57
100,57
99,57
94,57
93,57
92,57
91,57
90,57
85,57
84,57
83,57
82,57
81,57
179,58
178,58
177,58
173,58
172,58
171,58
170,58
169,58
168,58
153,58
152,58
151,58
150,58
149,58
148,58
144,58
143,58
142,58
141,58
140,58
139,58
135,58
134,58
133,58
132,58
131,58
130,58
126,58
125,58
124,58
123,58
122,58
121,58
114,58
113,58
112,58
111,58
110,58
109,58
105,58
104,58
103,58
102,58
101,58
100,58
96,58
95,58
94,58
93,58
92,58
91,58
87,58
86,58
85,58
84,58
83,58
82,58
179,59
178,59
177,59
176,59
175,59
171,59
170,59
169,59
168,59
167,59
166,59
155,59
154,59
153,59
152,59
151,59
150,59
146,59
145,59
144,59
143,59
142,59
141,59
137,59
136,59
135,59
134,59
133,59
132,59
128,59
127,59
126,59
125,59
124,59
123,59
116,59
115,59
114,59
113,59
112,59
111,59
107,59
106,59
105,59
104,59
103,59
102,59
98,59
97,59
96,59
95,59
94,59
93,59
89,59
88,59
87,59
86,59
85,59
84,59
178,60
177,60
176,60
175,60
174,60
169,60
168,60
167,60
166,60
165,60
155,60
154,60
153,60
152,60
151,60
146,60
145,60
144,60
143,60
142,60
137,60
136,60
135,60
134,60
133,60
128,60
127,60
126,60
125,60
124,60
116,60
115,60
114,60
113,60
112,60
107,60
106,60
105,60
104,60
103,60
98,60
97,60
96,60
95,60
94,60
89,60
88,60
87,60
86,60
85,60
179,61
178,61
177,61
176,61
175,61
171,61
170,61
169,61
168,61
167,61
166,61
155,61
154,61
153,61
146,61
145,61
144,61
137,61
136,61
135,61
128,61
127,61
126,61
116,61
115,61
114,61
107,61
106,61
105,61
98,61
97,61
96,61
89,61
88,61
87,61
179,62
178,62
177,62
173,62
172,62
171,62
170,62
169,62
168,62
146,62
145,62
144,62
137,62
136,62
135,62
128,62
127,62
126,62
116,62
115,62
114,62
107,62
106,62
105,62
98,62
97,62
96,62
179,63
178,63
173,63
172,63
171,63
170,63
169,63
146,63
145,63
144,63
143,63
142,63
137,63
136,63
135,63
134,63
133,63
128,63
127,63
126,63
125,63
124,63
116,63
115,63
114,63
113,63
112,63
107,63
106,63
105,63
104,63
103,63
98,63
97,63
96,63
95,63
94,63
173,64
172,64
171,64
146,64
145,64
144,64
143,64
142,64
141,64
137,64
136,64
135,64
134,64
133,64
132,64
128,64
127,64
126,64
125,64
124,64
123,64
116,64
115,64
114,64
113,64
112,64
111,64
107,64
106,64
105,64
104,64
103,64
102,64
98,64
97,64
96,64
95,64
94,64
93,64
173,65
172,65
171,65
164,65
163,65
162,65
144,65
143,65
142,65
141,65
140,65
139,65
135,65
134,65
133,65
132,65
131,65
130,65
126,65
125,65
124,65
123,65
122,65
121,65
114,65
113,65
112,65
111,65
110,65
109,65
105,65
104,65
103,65
102,65
101,65
100,65
96,65
95,65
94,65
93,65
92,65
91,65
179,66
178,66
173,66
172,66
171,66
170,66
169,66
164,66
163,66
162,66
161,66
160,66
142,66
141,66
140,66
139,66
138,66
133,66
132,66
131,66
130,66
129,66
124,66
123,66
122,66
121,66
120,66
112,66
111,66
110,66
109,66
108,66
103,66
102,66
101,66
100,66
99,66
94,66
93,66
92,66
91,66
90,66
179,67
178,67
177,67
173,67
172,67
171,67
170,67
169,67
168,67
164,67
163,67
162,67
161,67
160,67
159,67
144,67
143,67
142,67
141,67
140,67
139,67
135,67
134,67
133,67
132,67
131,67
130,67
126,67
125,67
124,67
123,67
122,67
121,67
114,67
113,67
112,67
111,67
110,67
109,67
105,67
104,67
103,67
102,67
101,67
100,67
96,67
95,67
94,67
93,67
92,67
91,67
179,68
178,68
177,68
176,68
175,68
171,68
170,68
169,68
168,68
167,68
166,68
162,68
161,68
160,68
159,68
158,68
157,68
146,68
145,68
144,68
143,68
142,68
141,68
137,68
136,68
135,68
134,68
133,68
132,68
128,68
127,68
126,68
125,68
124,68
123,68
116,68
115,68
114,68
113,68
112,68
111,68
107,68
106,68
105,68
104,68
103,68
102,68
98,68
97,68
96,68
95,68
94,68
93,68
178,69
177,69
176,69
175,69
174,69
169,69
168,69
167,69
166,69
165,69
160,69
159,69
158,69
157,69
156,69
146,69
145,69
144,69
143,69
142,69
137,69
136,69
135,69
134,69
133,69
128,69
127,69
126,69
125,69
124,69
116,69
115,69
114,69
113,69
112,69
107,69
106,69
105,69
104,69
103,69
98,69
97,69
96,69
95,69
94,69
179,70
178,70
177,70
176,70
175,70
171,70
170,70
169,70
168,70
167,70
166,70
162,70
161,70
160,70
159,70
158,70
157,70
146,70
145,70
144,70
137,70
136,70
135,70
128,70
127,70
126,70
116,70
115,70
114,70
107,70
106,70
105,70
98,70
97,70
96,70
179,71
178,71
177,71
173,71
172,71
171,71
170,71
169,71
168,71
164,71
163,71
162,71
161,71
160,71
159,71
137,71
136,71
135,71
128,71
127,71
126,71
116,71
115,71
114,71
107,71
106,71
105,71
179,72
178,72
173,72
172,72
171,72
170,72
169,72
164,72
163,72
162,72
161,72
160,72
137,72
136,72
135,72
134,72
133,72
128,72
127,72
126,72
125,72
124,72
116,72
115,72
114,72
113,72
112,72
107,72
106,72
105,72
104,72
103,72
173,73
172,73
171,73
164,73
163,73
162,73
137,73
136,73
135,73
134,73
133,73
132,73
128,73
127,73
126,73
125,73
124,73
123,73
116,73
115,73
114,73
113,73
112,73
111,73
107,73
106,73
105,73
104,73
103,73
102,73
173,74
172,74
171,74
164,74
163,74
162,74
155,74
154,74
153,74
135,74
134,74
133,74
132,74
131,74
130,74
126,74
125,74
124,74
123,74
122,74
121,74
114,74
113,74
112,74
111,74
110,74
109,74
105,74
104,74
103,74
102,74
101,74
100,74
179,75
178,75
173,75
172,75
171,75
170,75
169,75
164,75
163,75
162,75
161,75
160,75
155,75
154,75
153,75
152,75
151,75
133,75
132,75
131,75
130,75
129,75
124,75
123,75
122,75
121,75
120,75
112,75
111,75
110,75
109,75
108,75
103,75
102,75
101,75
100,75
99,75
179,76
178,76
177,76
173,76
172,76
171,76
170,76
169,76
168,76
164,76
163,76
162,76
161,76
160,76
159,76
155,76
154,76
153,76
152,76
151,76
150,76
135,76
134,76
133,76
132,76
131,76
130,76
126,76
125,76
124,76
123,76
122,76
121,76
114,76
113,76
112,76
111,76
110,76
109,76
105,76
104,76
103,76
102,76
101,76
100,76
179,77
178,77
177,77
176,77
175,77
171,77
170,77
169,77
168,77
167,77
166,77
162,77
161,77
160,77
159,77
158,77
157,77
153,77
152,77
151,77
150,77
149,77
148,77
137,77
136,77
135,77
134,77
133,77
132,77
128,77
127,77
126,77
125,77
124,77
123,77
116,77
115,77
114,77
113,77
112,77
111,77
107,77
106,77
105,77
104,77
103,77
102,77
178,78
177,78
176,78
175,78
174,78
169,78
168,78
167,78
166,78
165,78
160,78
159,78
158,78
157,78
156,78
151,78
150,78
149,78
148,78
147,78
137,78
136,78
135,78
134,78
133,78
128,78
127,78
126,78
125,78
124,78
116,78
115,78
114,78
113,78
112,78
107,78
106,78
105,78
104,78
103,78
179,79
178,79
177,79
176,79
175,79
171,79
170,79
169,79
168,79
167,79
166,79
162,79
161,79
160,79
159,79
158,79
157,79
153,79
152,79
151,79
150,79
149,79
148,79
137,79
136,79
135,79
128,79
127,79
126,79
116,79
115,79
114,79
107,79
106,79
105,79
179,80
178,80
177,80
173,80
172,80
171,80
170,80
169,80
168,80
164,80
163,80
162,80
161,80
160,80
159,80
155,80
154,80
153,80
152,80
151,80
150,80
128,80
127,80
126,80
116,80
115,80
114,80
179,81
178,81
173,81
172,81
171,81
170,81
169,81
164,81
163,81
162,81
161,81
160,81
155,81
154,81
153,81
152,81
151,81
128,81
127,81
126,81
125,81
124,81
116,81
115,81
114,81
113,81
112,81
173,82
172,82
171,82
164,82
163,82
162,82
155,82
154,82
153,82
128,82
127,82
126,82
125,82
124,82
123,82
116,82
115,82
114,82
113,82
112,82
111,82
173,83
172,83
171,83
164,83
163,83
162,83
155,83
154,83
153,83
146,83
145,83
144,83
126,83
125,83
124,83
123,83
122,83
121,83
114,83
113,83
112,83
111,83
110,83
109,83
179,84
178,84
173,84
172,84
171,84
170,84
169,84
164,84
163,84
162,84
161,84
160,84
155,84
154,84
153,84
152,84
151,84
146,84
145,84
144,84
143,84
142,84
124,84
123,84
122,84
121,84
120,84
112,84
111,84
110,84
109,84
108,84
179,85
178,85
177,85
173,85
172,85
171,85
170,85
169,85
168,85
164,85
163,85
162,85
161,85
160,85
159,85
155,85
154,85
153,85
152,85
151,85
150,85
146,85
145,85
144,85
143,85
142,85
141,85
126,85
125,85
124,85
123,85
122,85
121,85
114,85
113,85
112,85
111,85
110,85
109,85
179,86
178,86
177,86
176,86
175,86
171,86
170,86
169,86
168,86
167,86
166,86
162,86
161,86
160,86
159,86
158,86
157,86
153,86
152,86
151,86
150,86
149,86
148,86
144,86
143,86
142,86
141,86
140,86
139,86
128,86
127,86
126,86
125,86
124,86
123,86
116,86
115,86
114,86
113,86
112,86
111,86
178,87
177,87
176,87
175,87
174,87
169,87
168,87
167,87
166,87
165,87
160,87
159,87
158,87
157,87
156,87
151,87
150,87
149,87
148,87
147,87
142,87
141,87
140,87
139,87
138,87
128,87
127,87
126,87
125,87
124,87
116,87
115,87
114,87
113,87
112,87
179,88
178,88
177,88
176,88
175,88
171,88
170,88
169,88
168,88
167,88
166,88
162,88
161,88
160,88
159,88
158,88
157,88
153,88
152,88
151,88
150,88
149,88
148,88
144,88
143,88
142,88
141,88
140,88
139,88
128,88
127,88
126,88
116,88
115,88
114,88
179,89
178,89
177,89
173,89
172,89
171,89
170,89
169,89
168,89
164,89
163,89
162,89
161,89
160,89
159,89
155,89
154,89
153,89
152,89
151,89
150,89
146,89
145,89
144,89
143,89
142,89
141,89
179,90
178,90
173,90
172,90
171,90
170,90
169,90
164,90
163,90
162,90
161,90
160,90
155,90
154,90
153,90
152,90
151,90
146,90
145,90
144,90
143,90
142,90
173,91
172,91
171,91
164,91
163,91
162,91
155,91
154,91
153,91
146,91
145,91
144,91
173,92
172,92
171,92
164,92
163,92
162,92
155,92
154,92
153,92
146,92
145,92
144,92
137,92
136,92
135,92
173,93
172,93
171,93
170,93
169,93
164,93
163,93
162,93
161,93
160,93
155,93
154,93
153,93
152,93
151,93
146,93
145,93
144,93
143,93
142,93
137,93
136,93
135,93
134,93
133,93
173,94
172,94
171,94
170,94
169,94
168,94
164,94
163,94
162,94
161,94
160,94
159,94
155,94
154,94
153,94
152,94
151,94
150,94
146,94
145,94
144,94
143,94
142,94
141,94
137,94
136,94
135,94
134,94
133,94
132,94
171,95
170,95
169,95
168,95
167,95
166,95
162,95
161,95
160,95
159,95
158,95
157,95
153,95
152,95
151,95
150,95
149,95
148,95
144,95
143,95
142,95
141,95
140,95
139,95
135,95
134,95
133,95
132,95
131,95
130,95
169,96
168,96
167,96
166,96
165,96
160,96
159,96
158,96
157,96
156,96
151,96
150,96
149,96
148,96
147,96
142,96
141,96
140,96
139,96
138,96
133,96
132,96
131,96
130,96
129,96
171,97
170,97
169,97
168,97
167,97
166,97
162,97
161,97
160,97
159,97
158,97
157,97
153,97
152,97
151,97
150,97
149,97
148,97
144,97
143,97
142,97
141,97
140,97
139,97
135,97
134,97
133,97
132,97
131,97
130,97
173,98
172,98
171,98
170,98
169,98
168,98
164,98
163,98
162,98
161,98
160,98
159,98
155,98
154,98
153,98
152,98
151,98
150,98
146,98
145,98
144,98
143,98
142,98
141,98
137,98
136,98
135,98
134,98
133,98
132,98
173,99
172,99
171,99
170,99
169,99
164,99
163,99
162,99
161,99
160,99
155,99
154,99
153,99
152,99
151,99
146,99
145,99
144,99
143,99
142,99
137,99
136,99
135,99
134,99
133,99
173,100
172,100
171,100
164,100
163,100
162,100
155,100
154,100
153,100
146,100
145,100
144,100
137,100
136,100
135,100
173,103
172,103
171,103
164,103
163,103
162,103
155,103
154,103
153,103
146,103
145,103
144,103
137,103
136,103
135,103
173,104
172,104
171,104
170,104
169,104
164,104
163,104
162,104
161,104
160,104
155,104
154,104
153,104
152,104
151,104
146,104
145,104
144,104
143,104
142,104
137,104
136,104
135,104
134,104
133,104
173,105
172,105
171,105
170,105
169,105
168,105
164,105
163,105
162,105
161,105
160,105
159,105
155,105
154,105
153,105
152,105
151,105
150,105
146,105
145,105
144,105
143,105
142,105
141,105
137,105
136,105
135,105
134,105
133,105
132,105
171,106
170,106
169,106
168,106
167,106
166,106
162,106
161,106
160,106
159,106
158,106
157,106
153,106
152,106
151,106
150,106
149,106
148,106
144,106
143,106
142,106
141,106
140,106
139,106
135,106
134,106
133,106
132,106
131,106
130,106
169,107
168,107
167,107
166,107
165,107
160,107
159,107
158,107
157,107
156,107
151,107
150,107
149,107
148,107
147,107
142,107
141,107
140,107
139,107
138,107
133,107
132,107
131,107
130,107
129,107
171,108
170,108
169,108
168,108
167,108
166,108
162,108
161,108
160,108
159,108
158,108
157,108
153,108
152,108
151,108
150,108
149,108
148,108
144,108
143,108
142,108
141,108
140,108
139,108
135,108
134,108
133,108
132,108
131,108
130,108
173,109
172,109
171,109
170,109
169,109
168,109
164,109
163,109
162,109
161,109
160,109
159,109
155,109
154,109
153,109
152,109
151,109
150,109
146,109
145,109
144,109
143,109
142,109
141,109
137,109
136,109
135,109
134,109
133,109
132,109
173,110
172,110
171,110
170,110
169,110
164,110
163,110
162,110
161,110
160,110
155,110
154,110
153,110
152,110
151,110
146,110
145,110
144,110
143,110
142,110
137,110
136,110
135,110
134,110
133,110
173,111
172,111
171,111
164,111
163,111
162,111
155,111
154,111
153,111
146,111
145,111
144,111
137,111
136,111
135,111
173,112
172,112
171,112
164,112
163,112
162,112
155,112
154,112
153,112
146,112
145,112
144,112
179,113
178,113
173,113
172,113
171,113
170,113
169,113
164,113
163,113
162,113
161,113
160,113
155,113
154,113
153,113
152,113
151,113
146,113
145,113
144,113
143,113
142,113
179,114
178,114
177,114
173,114
172,114
171,114
170,114
169,114
168,114
164,114
163,114
162,114
161,114
160,114
159,114
155,114
154,114
153,114
152,114
151,114
150,114
146,114
145,114
144,114
143,114
142,114
141,114
128,114
127,114
126,114
179,115
178,115
177,115
176,115
175,115
171,115
170,115
169,115
168,115
167,115
166,115
162,115
161,115
160,115
159,115
158,115
157,115
153,115
152,115
151,115
150,115
149,115
148,115
144,115
143,115
142,115
141,115
140,115
139,115
128,115
127,115
126,115
125,115
124,115
178,116
177,116
176,116
175,116
174,116
169,116
168,116
167,116
166,116
165,116
160,116
159,116
158,116
157,116
156,116
151,116
150,116
149,116
148,116
147,116
142,116
141,116
140,116
139,116
138,116
128,116
127,116
126,116
125,116
124,116
123,116
179,117
178,117
177,117
176,117
175,117
171,117
170,117
169,117
168,117
167,117
166,117
162,117
161,117
160,117
159,117
158,117
157,117
153,117
152,117
151,117
150,117
149,117
148,117
144,117
143,117
142,117
141,117
140,117
139,117
126,117
125,117
124,117
123,117
122,117
121,117
179,118
178,118
177,118
173,118
172,118
171,118
170,118
169,118
168,118
164,118
163,118
162,118
161,118
160,118
159,118
155,118
154,118
153,118
152,118
151,118
150,118
146,118
145,118
144,118
143,118
142,118
141,118
124,118
123,118
122,118
121,118
120,118
179,119
178,119
173,119
172,119
171,119
170,119
169,119
164,119
163,119
162,119
161,119
160,119
155,119
154,119
153,119
152,119
151,119
146,119
145,119
144,119
143,119
142,119
126,119
125,119
124,119
123,119
122,119
121,119
173,120
172,120
171,120
164,120
163,120
162,120
155,120
154,120
153,120
146,120
145,120
144,120
128,120
127,120
126,120
125,120
124,120
123,120
173,121
172,121
171,121
164,121
163,121
162,121
155,121
154,121
153,121
128,121
127,121
126,121
125,121
124,121
179,122
178,122
173,122
172,122
171,122
170,122
169,122
164,122
163,122
162,122
161,122
160,122
155,122
154,122
153,122
152,122
151,122
128,122
127,122
126,122
179,123
178,123
177,123
173,123
172,123
171,123
170,123
169,123
168,123
164,123
163,123
162,123
161,123
160,123
159,123
155,123
154,123
153,123
152,123
151,123
150,123
137,123
136,123
135,123
128,123
127,123
126,123
179,124
178,124
177,124
176,124
175,124
171,124
170,124
169,124
168,124
167,124
166,124
162,124
161,124
160,124
159,124
158,124
157,124
153,124
152,124
151,124
150,124
149,124
148,124
137,124
136,124
135,124
134,124
133,124
128,124
127,124
126,124
125,124
124,124
178,125
177,125
176,125
175,125
174,125
169,125
168,125
167,125
166,125
165,125
160,125
159,125
158,125
157,125
156,125
151,125
150,125
149,125
148,125
147,125
137,125
136,125
135,125
134,125
133,125
132,125
128,125
127,125
126,125
125,125
124,125
123,125
179,126
178,126
177,126
176,126
175,126
171,126
170,126
169,126
168,126
167,126
166,126
162,126
161,126
160,126
159,126
158,126
157,126
153,126
152,126
151,126
150,126
149,126
148,126
135,126
134,126
133,126
132,126
131,126
130,126
126,126
125,126
124,126
123,126
122,126
121,126
179,127
178,127
177,127
173,127
172,127
171,127
170,127
169,127
168,127
164,127
163,127
162,127
161,127
160,127
159,127
155,127
154,127
153,127
152,127
151,127
150,127
133,127
132,127
131,127
130,127
129,127
124,127
123,127
122,127
121,127
120,127
179,128
178,128
173,128
172,128
171,128
170,128
169,128
164,128
163,128
162,128
161,128
160,128
155,128
154,128
153,128
152,128
151,128
135,128
134,128
133,128
132,128
131,128
130,128
126,128
125,128
124,128
123,128
122,128
121,128
173,129
172,129
171,129
164,129
163,129
162,129
155,129
154,129
153,129
137,129
136,129
135,129
134,129
133,129
132,129
128,129
127,129
126,129
125,129
124,129
123,129
173,130
172,130
171,130
164,130
163,130
162,130
137,130
136,130
135,130
134,130
133,130
128,130
127,130
126,130
125,130
124,130
179,131
178,131
173,131
172,131
171,131
170,131
169,131
164,131
163,131
162,131
161,131
160,131
137,131
136,131
135,131
128,131
127,131
126,131
179,132
178,132
177,132
173,132
172,132
171,132
170,132
169,132
168,132
164,132
163,132
162,132
161,132
160,132
159,132
146,132
145,132
144,132
137,132
136,132
135,132
128,132
127,132
126,132
179,133
178,133
177,133
176,133
175,133
171,133
170,133
169,133
168,133
167,133
166,133
162,133
161,133
160,133
159,133
158,133
157,133
146,133
145,133
144,133
143,133
142,133
137,133
136,133
135,133
134,133
133,133
128,133
127,133
126,133
125,133
124,133
178,134
177,134
176,134
175,134
174,134
169,134
168,134
167,134
166,134
165,134
160,134
159,134
158,134
157,134
156,134
146,134
145,134
144,134
143,134
142,134
141,134
137,134
136,134
135,134
134,134
133,134
132,134
128,134
127,134
126,134
125,134
124,134
123,134
179,135
178,135
177,135
176,135
175,135
171,135
170,135
169,135
168,135
167,135
166,135
162,135
161,135
160,135
159,135
158,135
157,135
144,135
143,135
142,135
141,135
140,135
139,135
135,135
134,135
133,135
132,135
131,135
130,135
126,135
125,135
124,135
123,135
122,135
121,135
179,136
178,136
177,136
173,136
172,136
171,136
170,136
169,136
168,136
164,136
163,136
162,136
161,136
160,136
159,136
142,136
141,136
140,136
139,136
138,136
133,136
132,136
131,136
130,136
129,136
124,136
123,136
122,136
121,136
120,136
179,137
178,137
173,137
172,137
171,137
170,137
169,137
164,137
163,137
162,137
161,137
160,137
144,137
143,137
142,137
141,137
140,137
139,137
135,137
134,137
133,137
132,137
131,137
130,137
126,137
125,137
124,137
123,137
122,137
121,137
173,138
172,138
171,138
164,138
163,138
162,138
146,138
145,138
144,138
143,138
142,138
141,138
137,138
136,138
135,138
134,138
133,138
132,138
128,138
127,138
126,138
125,138
124,138
123,138
173,139
172,139
171,139
146,139
145,139
144,139
143,139
142,139
137,139
136,139
135,139
134,139
133,139
128,139
127,139
126,139
125,139
124,139
179,140
178,140
173,140
172,140
171,140
170,140
169,140
146,140
145,140
144,140
137,140
136,140
135,140
128,140
127,140
126,140
179,141
178,141
177,141
173,141
172,141
171,141
170,141
169,141
168,141
155,141
154,141
153,141
146,141
145,141
144,141
137,141
136,141
135,141
128,141
127,141
126,141
179,142
178,142
177,142
176,142
175,142
171,142
170,142
169,142
168,142
167,142
166,142
155,142
154,142
153,142
152,142
151,142
146,142
145,142
144,142
143,142
142,142
137,142
136,142
135,142
134,142
133,142
128,142
127,142
126,142
125,142
124,142
178,143
177,143
176,143
175,143
174,143
169,143
168,143
167,143
166,143
165,143
155,143
154,143
153,143
152,143
151,143
150,143
146,143
145,143
144,143
143,143
142,143
141,143
137,143
136,143
135,143
134,143
133,143
132,143
128,143
127,143
126,143
125,143
124,143
123,143
179,144
178,144
177,144
176,144
175,144
171,144
170,144
169,144
168,144
167,144
166,144
153,144
152,144
151,144
150,144
149,144
148,144
144,144
143,144
142,144
141,144
140,144
139,144
135,144
134,144
133,144
132,144
131,144
130,144
126,144
125,144
124,144
123,144
122,144
121,144
179,145
178,145
177,145
173,145
172,145
171,145
170,145
169,145
168,145
151,145
150,145
149,145
148,145
147,145
142,145
141,145
140,145
139,145
138,145
133,145
132,145
131,145
130,145
129,145
124,145
123,145
122,145
121,145
120,145
179,146
178,146
173,146
172,146
171,146
170,146
169,146
153,146
152,146
151,146
150,146
149,146
148,146
144,146
143,146
142,146
141,146
140,146
139,146
135,146
134,146
133,146
132,146
131,146
130,146
126,146
125,146
124,146
123,146
122,146
121,146
173,147
172,147
171,147
155,147
154,147
153,147
152,147
151,147
150,147
146,147
145,147
144,147
143,147
142,147
141,147
137,147
136,147
135,147
134,147
133,147
132,147
128,147
127,147
126,147
125,147
124,147
123,147
155,148
154,148
153,148
152,148
151,148
146,148
145,148
144,148
143,148
142,148
137,148
136,148
135,148
134,148
133,148
128,148
127,148
126,148
125,148
124,148
155,149
154,149
153,149
146,149
145,149
144,149
137,149
136,149
135,149
128,149
127,149
126,149
164,150
163,150
162,150
155,150
154,150
153,150
146,150
145,150
144,150
137,150
136,150
135,150
128,150
127,150
126,150
164,151
163,151
162,151
161,151
160,151
155,151
154,151
153,151
152,151
151,151
146,151
145,151
144,151
143,151
142,151
137,151
136,151
135,151
134,151
133,151
128,151
127,151
126,151
125,151
124,151
164,152
163,152
162,152
161,152
160,152
159,152
155,152
154,152
153,152
152,152
151,152
150,152
146,152
145,152
144,152
143,152
142,152
141,152
137,152
136,152
135,152
134,152
133,152
132,152
128,152
127,152
126,152
125,152
124,152
123,152
162,153
161,153
160,153
159,153
158,153
157,153
153,153
152,153
151,153
150,153
149,153
148,153
144,153
143,153
142,153
141,153
140,153
139,153
135,153
134,153
133,153
132,153
131,153
130,153
126,153
125,153
124,153
123,153
122,153
121,153
160,154
159,154
158,154
157,154
156,154
151,154
150,154
149,154
148,154
147,154
142,154
141,154
140,154
139,154
138,154
133,154
132,154
131,154
130,154
129,154
124,154
123,154
122,154
121,154
120,154
162,155
161,155
160,155
159,155
158,155
157,155
153,155
152,155
151,155
150,155
149,155
148,155
144,155
143,155
142,155
141,155
140,155
139,155
135,155
134,155
133,155
132,155
131,155
130,155
126,155
125,155
124,155
123,155
122,155
121,155
164,156
163,156
162,156
161,156
160,156
159,156
155,156
154,156
153,156
152,156
151,156
150,156
146,156
145,156
144,156
143,156
142,156
141,156
137,156
136,156
135,156
134,156
133,156
132,156
128,156
127,156
126,156
125,156
124,156
123,156
164,157
163,157
162,157
161,157
160,157
155,157
154,157
153,157
152,157
151,157
146,157
145,157
144,157
143,157
142,157
137,157
136,157
135,157
134,157
133,157
128,157
127,157
126,157
125,157
124,157
164,158
163,158
162,158
155,158
154,158
153,158
146,158
145,158
144,158
137,158
136,158
135,158
128,158
127,158
126,158
164,159
163,159
162,159
155,159
154,159
153,159
146,159
145,159
144,159
137,159
136,159
135,159
164,160
163,160
162,160
161,160
160,160
155,160
154,160
153,160
152,160
151,160
146,160
145,160
144,160
143,160
142,160
137,160
136,160
135,160
134,160
133,160
164,161
163,161
162,161
161,161
160,161
159,161
155,161
154,161
153,161
152,161
151,161
150,161
146,161
145,161
144,161
143,161
142,161
141,161
137,161
136,161
135,161
134,161
133,161
132,161
162,162
161,162
160,162
159,162
158,162
157,162
153,162
152,162
151,162
150,162
149,162
148,162
144,162
143,162
142,162
141,162
140,162
139,162
135,162
134,162
133,162
132,162
131,162
130,162
160,163
159,163
158,163
157,163
156,163
151,163
150,163
149,163
148,163
147,163
142,163
141,163
140,163
139,163
138,163
133,163
132,163
131,163
130,163
129,163
162,164
161,164
160,164
159,164
158,164
157,164
153,164
152,164
151,164
150,164
149,164
148,164
144,164
143,164
142,164
141,164
140,164
139,164
135,164
134,164
133,164
132,164
131,164
130,164
164,165
163,165
162,165
161,165
160,165
159,165
155,165
154,165
153,165
152,165
151,165
150,165
146,165
145,165
144,165
143,165
142,165
141,165
137,165
136,165
135,165
134,165
133,165
132,165
164,166
163,166
162,166
161,166
160,166
155,166
154,166
153,166
152,166
151,166
146,166
145,166
144,166
143,166
142,166
137,166
136,166
135,166
134,166
133,166
164,167
163,167
162,167
155,167
154,167
153,167
146,167
145,167
144,167
137,167
136,167
135,167
164,168
163,168
162,168
155,168
154,168
153,168
146,168
145,168
144,168
164,169
163,169
162,169
161,169
160,169
155,169
154,169
153,169
152,169
151,169
146,169
145,169
144,169
143,169
142,169
164,170
163,170
162,170
161,170
160,170
159,170
155,170
154,170
153,170
152,170
151,170
150,170
146,170
145,170
144,170
143,170
142,170
141,170
162,171
161,171
160,171
159,171
158,171
157,171
153,171
152,171
151,171
150,171
149,171
148,171
144,171
143,171
142,171
141,171
140,171
139,171
160,172
159,172
158,172
157,172
156,172
151,172
150,172
149,172
148,172
147,172
142,172
141,172
140,172
139,172
138,172
162,173
161,173
160,173
159,173
158,173
157,173
153,173
152,173
151,173
150,173
149,173
148,173
144,173
143,173
142,173
141,173
140,173
139,173
164,174
163,174
162,174
161,174
160,174
159,174
155,174
154,174
153,174
152,174
151,174
150,174
146,174
145,174
144,174
143,174
142,174
141,174
164,175
163,175
162,175
161,175
160,175
155,175
154,175
153,175
152,175
151,175
146,175
145,175
144,175
143,175
142,175
164,176
163,176
162,176
155,176
154,176
153,176
146,176
145,176
144,176
164,177
163,177
162,177
155,177
154,177
153,177
164,178
163,178
162,178
161,178
160,178
155,178
154,178
153,178
152,178
151,178
164,179
163,179
162,179
161,179
160,179
159,179
155,179
154,179
153,179
152,179
151,179
150,179
162,180
161,180
160,180
159,180
158,180
157,180
153,180
152,180
151,180
150,180
149,180
148,180
160,181
159,181
158,181
157,181
156,181
151,181
150,181
149,181
148,181
147,181
162,182
161,182
160,182
159,182
158,182
157,182
153,182
152,182
151,182
150,182
149,182
148,182
164,183
163,183
162,183
161,183
160,183
159,183
155,183
154,183
153,183
152,183
151,183
150,183
164,184
163,184
162,184
161,184
160,184
155,184
154,184
153,184
152,184
151,184
164,185
163,185
162,185
155,185
154,185
153,185
164,186
163,186
162,186
164,187
163,187
162,187
161,187
160,187
164,188
163,188
162,188
161,188
160,188
159,188
162,189
161,189
160,189
159,189
158,189
157,189
160,190
159,190
158,190
157,190
156,190
162,191
161,191
160,191
159,191
158,191
157,191
164,192
163,192
162,192
161,192
160,192
159,192
164,193
163,193
162,193
161,193
160,193
164,194
163,194
162,194
209,56
208,56
207,56
200,56
199,56
198,56
191,56
190,56
189,56
182,56
181,56
180,56
209,57
208,57
207,57
206,57
205,57
200,57
199,57
198,57
197,57
196,57
191,57
190,57
189,57
188,57
187,57
182,57
181,57
180,57
209,58
208,58
207,58
206,58
205,58
204,58
200,58
199,58
198,58
197,58
196,58
195,58
191,58
190,58
189,58
188,58
187,58
186,58
182,58
181,58
180,58
207,59
206,59
205,59
204,59
203,59
202,59
198,59
197,59
196,59
195,59
194,59
193,59
189,59
188,59
187,59
186,59
185,59
184,59
180,59
205,60
204,60
203,60
202,60
201,60
196,60
195,60
194,60
193,60
192,60
187,60
186,60
185,60
184,60
183,60
207,61
206,61
205,61
204,61
203,61
202,61
198,61
197,61
196,61
195,61
194,61
193,61
189,61
188,61
187,61
186,61
185,61
184,61
180,61
209,62
208,62
207,62
206,62
205,62
204,62
200,62
199,62
198,62
197,62
196,62
195,62
191,62
190,62
189,62
188,62
187,62
186,62
182,62
181,62
180,62
209,63
208,63
207,63
206,63
205,63
200,63
199,63
198,63
197,63
196,63
191,63
190,63
189,63
188,63
187,63
182,63
181,63
180,63
209,64
208,64
207,64
200,64
199,64
198,64
191,64
190,64
189,64
182,64
181,64
180,64
200,65
199,65
198,65
191,65
190,65
189,65
182,65
181,65
180,65
200,66
199,66
198,66
197,66
196,66
191,66
190,66
189,66
188,66
187,66
182,66
181,66
180,66
200,67
199,67
198,67
197,67
196,67
195,67
191,67
190,67
189,67
188,67
187,67
186,67
182,67
181,67
180,67
198,68
197,68
196,68
195,68
194,68
193,68
189,68
188,68
187,68
186,68
185,68
184,68
180,68
196,69
195,69
194,69
193,69
192,69
187,69
186,69
185,69
184,69
183,69
198,70
197,70
196,70
195,70
194,70
193,70
189,70
188,70
187,70
186,70
185,70
184,70
180,70
200,71
199,71
198,71
197,71
196,71
195,71
191,71
190,71
189,71
188,71
187,71
186,71
182,71
181,71
180,71
200,72
199,72
198,72
197,72
196,72
191,72
190,72
189,72
188,72
187,72
182,72
181,72
180,72
200,73
199,73
198,73
191,73
190,73
189,73
182,73
181,73
180,73
191,74
190,74
189,74
182,74
181,74
180,74
191,75
190,75
189,75
188,75
187,75
182,75
181,75
180,75
191,76
190,76
189,76
188,76
187,76
186,76
182,76
181,76
180,76
189,77
188,77
187,77
186,77
185,77
184,77
180,77
187,78
186,78
185,78
184,78
183,78
189,79
188,79
187,79
186,79
185,79
184,79
180,79
191,80
190,80
189,80
188,80
187,80
186,80
182,80
181,80
180,80
191,81
190,81
189,81
188,81
187,81
182,81
181,81
180,81
191,82
190,82
189,82
182,82
181,82
180,82
182,83
181,83
180,83
182,84
181,84
180,84
182,85
181,85
180,85
180,86
180,88
182,89
181,89
180,89
182,90
181,90
180,90
182,91
181,91
180,91
182,112
181,112
180,112
182,113
181,113
180,113
182,114
181,114
180,114
180,115
180,117
182,118
181,118
180,118
182,119
181,119
180,119
182,120
181,120
180,120
191,121
190,121
189,121
182,121
181,121
180,121
191,122
190,122
189,122
188,122
187,122
182,122
181,122
180,122
191,123
190,123
189,123
188,123
187,123
186,123
182,123
181,123
180,123
189,124
188,124
187,124
186,124
185,124
184,124
180,124
187,125
186,125
185,125
184,125
183,125
189,126
188,126
187,126
186,126
185,126
184,126
180,126
191,127
190,127
189,127
188,127
187,127
186,127
182,127
181,127
180,127
191,128
190,128
189,128
188,128
187,128
182,128
181,128
180,128
191,129
190,129
189,129
182,129
181,129
180,129
200,130
199,130
198,130
191,130
190,130
189,130
182,130
181,130
180,130
200,131
199,131
198,131
197,131
196,131
191,131
190,131
189,131
188,131
187,131
182,131
181,131
180,131
200,132
199,132
198,132
197,132
196,132
195,132
191,132
190,132
189,132
188,132
187,132
186,132
182,132
181,132
180,132
198,133
197,133
196,133
195,133
194,133
193,133
189,133
188,133
187,133
186,133
185,133
184,133
180,133
196,134
195,134
194,134
193,134
192,134
187,134
186,134
185,134
184,134
183,134
198,135
197,135
196,135
195,135
194,135
193,135
189,135
188,135
187,135
186,135
185,135
184,135
180,135
200,136
199,136
198,136
197,136
196,136
195,136
191,136
190,136
189,136
188,136
187,136
186,136
182,136
181,136
180,136
200,137
199,137
198,137
197,137
196,137
191,137
190,137
189,137
188,137
187,137
182,137
181,137
180,137
200,138
199,138
198,138
191,138
190,138
189,138
182,138
181,138
180,138
209,139
208,139
207,139
200,139
199,139
198,139
191,139
190,139
189,139
182,139
181,139
180,139
209,140
208,140
207,140
206,140
205,140
200,140
199,140
198,140
197,140
196,140
191,140
190,140
189,140
188,140
187,140
182,140
181,140
180,140
209,141
208,141
207,141
206,141
205,141
204,141
200,141
199,141
198,141
197,141
196,141
195,141
191,141
190,141
189,141
188,141
187,141
186,141
182,141
181,141
180,141
207,142
206,142
205,142
204,142
203,142
202,142
198,142
197,142
196,142
195,142
194,142
193,142
189,142
188,142
187,142
186,142
185,142
184,142
180,142
205,143
204,143
203,143
202,143
201,143
196,143
195,143
194,143
193,143
192,143
187,143
186,143
185,143
184,143
183,143
207,144
206,144
205,144
204,144
203,144
202,144
198,144
197,144
196,144
195,144
194,144
193,144
189,144
188,144
187,144
186,144
185,144
184,144
180,144
209,145
208,145
207,145
206,145
205,145
204,145
200,145
199,145
198,145
197,145
196,145
195,145
191,145
190,145
189,145
188,145
187,145
186,145
182,145
181,145
180,145
209,146
208,146
207,146
206,146
205,146
200,146
199,146
198,146
197,146
196,146
191,146
190,146
189,146
188,146
187,146
182,146
181,146
180,146
209,147
208,147
207,147
200,147
199,147
198,147
191,147
190,147
189,147
182,147
181,147
180,147
